STATE/UT,DISTRICT,YEAR,MURDER,RAPE,KIDNAPPING,DACOITY,ROBBERY,RIOTS,FRAUD,HURT,AGAINST WOMEN,NEGLIGENCE,OTHER,TOTAL IPC CRIMES
ANDHRA PRADESH,TOTAL,2001,4293,1742,2364,223,41351,3873,6323,34947,12033,7400,34344,130089
ARUNACHAL PRADESH,TOTAL,2001,139,66,166,24,1218,37,75,466,92,0,618,2342
ASSAM,TOTAL,2001,1877,1634,2960,546,13844,3394,995,5805,2161,2010,9315,36877
BIHAR,TOTAL,2001,7312,1776,4318,1438,24838,9108,2690,7544,3083,2406,36667,88432
CHHATTISGARH,TOTAL,2001,1454,1918,414,106,14106,1086,564,5477,2834,689,15790,38460
GOA,TOTAL,2001,71,24,18,7,1536,80,103,174,37,191,697,2341
GUJARAT,TOTAL,2001,1857,572,1996,346,37801,2379,3582,13760,4601,2924,50719,103419
HARYANA,TOTAL,2001,1326,796,898,218,15740,953,1609,4744,2677,856,15906,38759
HIMACHAL PRADESH,TOTAL,2001,205,248,252,4,2072,762,217,1403,651,483,6052,11499
JAMMU & KASHMIR,TOTAL,2001,2582,338,1212,24,5344,1509,496,318,973,357,9046,19505
JHARKHAND,TOTAL,2001,2516,1134,882,684,9567,2183,860,2254,1005,420,8777,25447
KARNATAKA,TOTAL,2001,3175,586,1118,214,32977,7038,3303,23285,3721,100,47301,109098
KERALA,TOTAL,2001,1198,1124,366,189,15873,8876,3423,19829,4611,0,54544,103847
MADHYA PRADESH,TOTAL,2001,5420,5702,1912,296,55839,4409,1913,30895,10985,3297,85143,181741
MAHARASHTRA,TOTAL,2001,4394,2604,1970,857,97044,7927,6080,30212,10342,8993,42963,171233
MANIPUR,TOTAL,2001,382,40,188,37,528,195,119,201,26,7,1097,2489
MEGHALAYA,TOTAL,2001,213,52,110,100,837,34,51,102,29,0,511,1687
MIZORAM,TOTAL,2001,51,104,4,3,2196,27,106,94,71,23,499,2246
NAGALAND,TOTAL,2001,149,34,46,11,808,3,56,37,6,19,363,1234
ODISHA,TOTAL,2001,2191,1580,1044,221,15295,1849,976,4367,3673,1589,20810,46661
PUNJAB,TOTAL,2001,1607,596,1026,129,8079,64,3047,3996,1706,2154,9204,27774
RAJASTHAN,TOTAL,2001,3245,2098,5436,100,42051,12306,7759,27485,8843,4221,62347,155185
SIKKIM,TOTAL,2001,37,16,12,0,227,4,14,35,14,7,166,444
TAMIL NADU,TOTAL,2001,3885,846,1904,164,40055,6176,2603,28429,3805,8550,76468,154801
TRIPURA,TOTAL,2001,265,204,186,26,779,169,27,412,301,31,855,2801
UTTAR PRADESH,TOTAL,2001,16751,3916,8660,943,66258,8155,8940,17816,15021,7129,57839,178129
UTTARAKHAND,TOTAL,2001,633,148,366,35,3562,470,493,830,544,441,2227,8073
WEST BENGAL,TOTAL,2001,2624,1418,1750,695,29576,3197,1804,3658,5129,2281,25260,61563
A & N ISLANDS,TOTAL,2001,13,6,4,0,198,17,20,118,29,0,323,658
CHANDIGARH,TOTAL,2001,31,36,112,5,3444,96,183,95,78,6,914,3397
D & N HAVELI,TOTAL,2001,5,12,8,0,126,5,26,29,11,0,183,350
DAMAN & DIU,TOTAL,2001,12,0,10,0,123,26,15,21,4,0,73,239
DELHI UT,TOTAL,2001,1120,762,3254,122,42205,215,2704,2011,843,432,22000,54384
LAKSHADWEEP,TOTAL,2001,1,0,0,0,21,3,1,3,0,0,17,36
PUDUCHERRY,TOTAL,2001,58,18,8,1,1171,131,31,635,66,166,2324,4068
ANDHRA PRADESH,TOTAL,2002,4334,2004,2604,200,46720,3131,7938,39839,13290,8691,36385,143610
ARUNACHAL PRADESH,TOTAL,2002,105,76,114,22,1135,41,57,401,83,0,684,2228
ASSAM,TOTAL,2002,1787,1940,3190,491,14221,3452,1334,4764,2755,1957,8575,36346
BIHAR,TOTAL,2002,7634,2080,4722,1430,25766,9275,3098,8770,3169,2497,39145,94040
CHHATTISGARH,TOTAL,2002,1321,1984,356,150,12661,1052,507,4484,2368,963,17576,37950
GOA,TOTAL,2002,54,24,18,5,1392,104,108,236,34,202,780,2440
GUJARAT,TOTAL,2002,2304,534,2030,816,37909,5580,2888,13531,4237,3258,50612,106675
HARYANA,TOTAL,2002,1336,722,854,223,15302,899,1544,4514,3699,955,16854,40152
HIMACHAL PRADESH,TOTAL,2002,215,274,276,1,1856,791,212,1476,578,482,6921,12243
JAMMU & KASHMIR,TOTAL,2002,2319,384,1348,42,5524,1382,493,366,1225,380,9390,19967
JHARKHAND,TOTAL,2002,2746,1594,936,635,10947,2448,780,2294,1313,416,12969,31439
KARNATAKA,TOTAL,2002,3258,584,1290,244,35088,7275,3424,22824,3807,152,50508,113699
KERALA,TOTAL,2002,1226,998,324,141,16720,8542,3416,19033,5078,32,55094,104200
MADHYA PRADESH,TOTAL,2002,5453,5782,1928,278,56691,4231,1801,29955,11692,3679,94923,191799
MAHARASHTRA,TOTAL,2002,4296,2704,1906,819,91819,7629,5789,29250,9111,9407,42643,165462
MANIPUR,TOTAL,2002,328,28,314,11,560,112,112,378,68,25,1074,2584
MEGHALAYA,TOTAL,2002,228,76,104,66,1047,32,50,89,23,12,419,1664
MIZORAM,TOTAL,2002,60,152,14,5,2451,28,127,112,76,13,864,2820
NAGALAND,TOTAL,2002,139,34,54,21,752,11,34,53,1,24,292,1114
ODISHA,TOTAL,2002,2505,1382,1046,276,14365,2003,1051,4947,3208,2672,20755,47728
PUNJAB,TOTAL,2002,1540,598,1102,133,7964,70,3128,4453,1596,2310,9713,28794
RAJASTHAN,TOTAL,2002,3387,2102,5174,80,40021,8308,8287,26519,8864,4670,63787,151248
SIKKIM,TOTAL,2002,20,12,18,0,199,17,51,50,20,7,170,485
TAMIL NADU,TOTAL,2002,3892,1068,2002,201,43696,5102,2426,25150,4890,10125,88680,166942
TRIPURA,TOTAL,2002,240,216,256,29,788,220,39,518,380,46,849,3075
UTTAR PRADESH,TOTAL,2002,14351,2830,6860,611,53804,5521,7891,13947,11604,7313,48569,146037
UTTARAKHAND,TOTAL,2002,588,178,396,38,3461,382,465,760,625,440,2295,7976
WEST BENGAL,TOTAL,2002,2397,1518,1662,850,25790,2575,1864,3112,5341,2703,25189,58962
A & N ISLANDS,TOTAL,2002,21,4,4,1,154,13,15,97,24,0,328,608
CHANDIGARH,TOTAL,2002,73,36,108,2,3656,83,221,107,121,7,1111,3806
D & N HAVELI,TOTAL,2002,13,8,18,3,189,7,22,29,6,0,142,349
DAMAN & DIU,TOTAL,2002,11,0,6,2,169,18,15,18,3,0,78,261
DELHI UT,TOTAL,2002,1039,806,2646,114,36112,196,2588,1851,844,416,20876,49137
LAKSHADWEEP,TOTAL,2002,0,2,0,0,33,20,0,5,1,0,5,53
PUDUCHERRY,TOTAL,2002,74,12,20,2,1187,215,45,1093,99,190,2042,4437
ANDHRA PRADESH,TOTAL,2003,4492,1892,2970,181,56526,3377,8998,41545,15052,8515,39242,156951
ARUNACHAL PRADESH,TOTAL,2003,100,62,136,37,1053,17,56,427,57,0,585,2061
ASSAM,TOTAL,2003,1724,2190,3256,497,14179,4017,1563,4952,2752,2086,9227,38195
BIHAR,TOTAL,2003,7609,1970,4854,1341,25697,8698,3144,8884,3525,2574,37503,92263
CHHATTISGARH,TOTAL,2003,1340,1796,354,154,12292,854,512,3653,2266,1158,19315,38449
GOA,TOTAL,2003,65,62,28,5,1206,65,169,198,52,164,739,2244
GUJARAT,TOTAL,2003,1621,472,2088,352,45719,2340,4123,12611,4552,3536,46879,103709
HARYANA,TOTAL,2003,1224,706,776,253,14444,761,1516,4153,3486,971,16654,38612
HIMACHAL PRADESH,TOTAL,2003,204,252,226,8,1980,731,196,1385,495,463,6937,12011
JAMMU & KASHMIR,TOTAL,2003,2174,422,1424,23,5578,1495,545,310,1332,378,10424,21233
JHARKHAND,TOTAL,2003,2548,1424,974,739,10642,2628,749,3062,1247,642,12902,32203
KARNATAKA,TOTAL,2003,2805,642,1062,285,35276,6199,3373,21913,3567,172,52143,112405
KERALA,TOTAL,2003,1226,788,378,161,14825,7211,3513,17696,4978,35,53487,98824
MADHYA PRADESH,TOTAL,2003,4843,5476,1774,294,55306,3597,1809,29358,11139,3778,97751,191078
MAHARASHTRA,TOTAL,2003,4297,2536,1852,763,90184,6902,6827,29205,9163,9378,42491,164306
MANIPUR,TOTAL,2003,355,36,240,3,578,120,99,324,48,4,1120,2537
MEGHALAYA,TOTAL,2003,252,80,98,84,1013,21,50,106,18,41,355,1669
MIZORAM,TOTAL,2003,85,108,16,5,3114,26,91,142,91,11,1132,3456
NAGALAND,TOTAL,2003,133,28,76,19,629,13,21,48,7,41,234,976
ODISHA,TOTAL,2003,2446,1450,954,208,14554,1745,1202,4759,3425,2497,20602,47281
PUNJAB,TOTAL,2003,1464,760,928,147,8598,71,3522,4124,1642,2226,9316,28756
RAJASTHAN,TOTAL,2003,3300,2100,4476,77,39639,4836,8185,26173,8871,5074,62592,145579
SIKKIM,TOTAL,2003,24,20,0,2,181,12,22,56,26,18,157,443
TAMIL NADU,TOTAL,2003,3462,1114,1758,138,41789,4497,2274,30228,4679,9112,77784,157186
TRIPURA,TOTAL,2003,341,228,292,36,788,357,31,534,394,109,940,3514
UTTAR PRADESH,TOTAL,2003,10602,1822,4416,513,37506,2548,4883,7760,10016,4428,29449,95073
UTTARAKHAND,TOTAL,2003,535,214,342,29,3453,425,525,687,644,362,2353,7923
WEST BENGAL,TOTAL,2003,2309,2004,1804,1100,26166,2683,2065,4172,6535,2300,24553,61174
A & N ISLANDS,TOTAL,2003,26,4,4,2,183,27,16,110,18,0,318,644
CHANDIGARH,TOTAL,2003,38,36,64,4,2692,50,243,71,109,8,779,2806
D & N HAVELI,TOTAL,2003,16,2,14,4,169,21,23,22,6,1,129,338
DAMAN & DIU,TOTAL,2003,9,10,2,4,134,32,22,14,4,6,84,269
DELHI UT,TOTAL,2003,957,980,2312,135,33427,140,2553,1708,1935,402,20045,47404
LAKSHADWEEP,TOTAL,2003,0,4,0,0,22,6,0,1,2,0,6,31
PUDUCHERRY,TOTAL,2003,61,4,36,2,1271,177,45,1053,88,182,2185,4517
ANDHRA PRADESH,TOTAL,2004,4650,2032,3052,201,56209,3455,9001,43335,15029,11452,36460,158756
ARUNACHAL PRADESH,TOTAL,2004,113,84,130,32,1036,84,61,429,65,0,717,2256
ASSAM,TOTAL,2004,1687,2342,3812,391,14781,3994,1508,5911,2913,2239,10040,40675
BIHAR,TOTAL,2004,7223,2780,6826,1464,28387,10500,4522,11231,4460,2405,44178,108060
CHHATTISGARH,TOTAL,2004,1571,1938,428,114,14111,1032,567,3899,2604,1717,20143,41927
GOA,TOTAL,2004,51,74,26,5,1285,40,110,170,57,216,646,2127
GUJARAT,TOTAL,2004,1609,678,2266,375,44066,1987,3460,12262,4934,3958,49897,105469
HARYANA,TOTAL,2004,1239,772,846,197,16146,794,1655,4194,3530,981,16109,39096
HIMACHAL PRADESH,TOTAL,2004,199,306,246,1,2077,674,277,1421,560,469,7015,12326
JAMMU & KASHMIR,TOTAL,2004,1957,436,1470,28,5427,1436,551,334,1345,422,10677,21191
JHARKHAND,TOTAL,2004,2746,1594,936,635,10947,2448,780,2294,1313,416,12969,31439
KARNATAKA,TOTAL,2004,2963,582,1184,286,39303,6485,3247,21232,3339,277,52518,114440
KERALA,TOTAL,2004,1281,960,464,144,15699,6835,4190,20610,5646,42,54106,104025
MADHYA PRADESH,TOTAL,2004,5130,5750,1664,281,59006,3372,1871,33285,11681,4209,96911,196867
MAHARASHTRA,TOTAL,2004,4274,2776,2090,944,104792,7129,6913,30122,9653,9574,44420,176302
MANIPUR,TOTAL,2004,389,62,256,4,557,200,171,233,32,35,999,2535
MEGHALAYA,TOTAL,2004,173,108,108,93,1059,17,71,123,41,51,434,1752
MIZORAM,TOTAL,2004,58,40,30,10,1476,24,56,80,66,0,320,1515
NAGALAND,TOTAL,2004,108,36,46,14,697,11,39,52,4,34,239,984
ODISHA,TOTAL,2004,2288,1540,1052,238,15878,1776,1090,4938,3492,2652,21058,48739
PUNJAB,TOTAL,2004,1639,780,926,96,7026,68,3102,4402,1213,2181,7637,25630
RAJASTHAN,TOTAL,2004,3368,2076,4768,104,44268,3936,9283,25947,10027,5579,67767,154859
SIKKIM,TOTAL,2004,27,6,10,0,215,83,27,78,41,29,196,631
TAMIL NADU,TOTAL,2004,3277,1236,1740,126,39671,4095,2429,30855,4604,9152,88439,166606
TRIPURA,TOTAL,2004,225,320,198,29,732,172,63,452,456,85,868,3081
UTTAR PRADESH,TOTAL,2004,13142,2794,6674,476,52953,4296,6749,11265,11243,7136,40711,130181
UTTARAKHAND,TOTAL,2004,538,230,426,38,3925,472,542,865,740,464,2319,8634
WEST BENGAL,TOTAL,2004,2283,2950,2400,1155,30012,2794,2236,3867,8372,2995,27426,69350
A & N ISLANDS,TOTAL,2004,18,20,6,0,278,18,12,105,14,6,387,748
CHANDIGARH,TOTAL,2004,51,38,108,2,3110,43,162,65,117,5,720,2889
D & N HAVELI,TOTAL,2004,15,14,24,3,128,19,34,35,8,8,193,409
DAMAN & DIU,TOTAL,2004,4,2,4,0,90,21,9,17,5,25,51,198
DELHI UT,TOTAL,2004,1080,1102,2418,165,40324,105,2811,1780,2111,433,22048,53623
LAKSHADWEEP,TOTAL,2004,0,0,0,0,12,37,1,6,1,0,18,70
PUDUCHERRY,TOTAL,2004,57,8,20,0,1355,156,44,974,88,176,2390,4620
ANDHRA PRADESH,TOTAL,2005,4585,1870,3224,254,56304,2993,9114,42179,15245,9973,37707,157123
ARUNACHAL PRADESH,TOTAL,2005,123,70,116,23,1402,36,68,383,76,69,562,2304
ASSAM,TOTAL,2005,1814,2476,3502,356,15444,3183,1463,5906,3226,2695,11299,42006
BIHAR,TOTAL,2005,7037,2294,5386,1377,27115,8431,3060,11939,3126,2680,40057,97850
CHHATTISGARH,TOTAL,2005,1714,1980,492,229,15222,1107,614,3734,2414,2004,20959,43633
GOA,TOTAL,2005,65,40,34,2,1283,57,114,155,51,209,641,2119
GUJARAT,TOTAL,2005,1512,648,2328,297,42226,1948,3358,10503,5044,4120,60882,113414
HARYANA,TOTAL,2005,1354,922,984,226,21215,1018,1797,4569,3264,1083,15879,42664
HIMACHAL PRADESH,TOTAL,2005,211,282,236,6,2110,655,251,1359,545,480,7165,12345
JAMMU & KASHMIR,TOTAL,2005,1589,402,1496,13,5315,1462,549,355,1282,462,10040,20115
JHARKHAND,TOTAL,2005,2694,1506,1242,641,14732,2726,905,3078,1180,1490,12550,35175
KARNATAKA,TOTAL,2005,3095,686,1178,327,41204,6389,3476,20883,3800,243,54239,117580
KERALA,TOTAL,2005,817,956,452,268,15639,6991,3701,18302,5818,34,57530,104350
MADHYA PRADESH,TOTAL,2005,5051,5842,1694,277,54119,3390,1956,33803,10949,4593,91951,189172
MAHARASHTRA,TOTAL,2005,4333,3090,2388,948,111728,7902,8496,30017,10721,9608,47386,187027
MANIPUR,TOTAL,2005,512,50,212,4,556,190,184,295,45,5,1234,2913
MEGHALAYA,TOTAL,2005,171,126,96,82,1195,112,60,135,48,61,381,1880
MIZORAM,TOTAL,2005,53,74,26,3,2002,55,74,77,57,4,558,2156
NAGALAND,TOTAL,2005,121,34,52,12,761,12,63,35,7,37,252,1049
ODISHA,TOTAL,2005,2406,1598,1282,234,17513,1901,1372,5919,4427,3034,20182,51685
PUNJAB,TOTAL,2005,1652,796,956,130,7866,56,3313,4267,1179,2283,8438,27136
RAJASTHAN,TOTAL,2005,3200,1986,3986,120,41613,2938,9042,22606,8889,5872,61549,140917
SIKKIM,TOTAL,2005,26,36,6,2,251,22,50,99,42,53,67,552
TAMIL NADU,TOTAL,2005,3227,1142,2058,73,35877,3046,2973,31725,4294,8902,86494,162360
TRIPURA,TOTAL,2005,178,324,170,22,881,183,107,429,635,188,811,3356
UTTAR PRADESH,TOTAL,2005,12868,2434,5910,375,47995,4324,7341,10379,10785,7406,37158,122108
UTTARAKHAND,TOTAL,2005,511,266,406,48,3940,457,562,745,524,462,2078,8033
WEST BENGAL,TOTAL,2005,2295,3372,2414,1432,25413,2727,2395,4125,9069,2737,25444,66406
A & N ISLANDS,TOTAL,2005,20,8,4,0,256,10,21,79,17,3,362,682
CHANDIGARH,TOTAL,2005,37,66,108,2,2981,44,202,57,118,9,969,3133
D & N HAVELI,TOTAL,2005,12,10,26,3,175,19,26,33,10,17,195,434
DAMAN & DIU,TOTAL,2005,7,4,8,4,137,20,16,16,5,24,58,243
DELHI UT,TOTAL,2005,986,1316,3180,184,38513,108,2808,1814,2426,634,24299,56065
LAKSHADWEEP,TOTAL,2005,1,0,0,0,16,6,0,4,0,0,22,42
PUDUCHERRY,TOTAL,2005,51,12,12,1,1004,168,49,857,96,224,2579,4575
ANDHRA PRADESH,TOTAL,2006,4749,2098,4060,181,56003,3928,9694,47946,16628,11489,43722,173909
ARUNACHAL PRADESH,TOTAL,2006,96,74,150,28,1233,26,108,415,80,82,565,2294
ASSAM,TOTAL,2006,1653,2488,3650,331,19095,3172,1464,5290,3953,3022,10444,43673
BIHAR,TOTAL,2006,6878,2464,5238,1141,29204,9044,3322,12674,3502,2860,39941,100665
CHHATTISGARH,TOTAL,2006,1938,1990,478,184,14470,1167,677,6722,2562,2239,19246,45177
GOA,TOTAL,2006,57,42,32,7,1257,101,99,170,39,233,698,2204
GUJARAT,TOTAL,2006,1660,708,2256,302,43450,1855,2971,10685,5901,4339,66802,120972
HARYANA,TOTAL,2006,1517,1216,1270,328,25447,1298,2209,5135,3486,1350,19014,50509
HIMACHAL PRADESH,TOTAL,2006,209,226,260,7,2407,681,270,1261,568,499,7760,13093
JAMMU & KASHMIR,TOTAL,2006,1381,500,1578,10,5337,1400,621,376,1452,222,10886,20787
JHARKHAND,TOTAL,2006,2667,1598,1270,581,14553,2828,1186,3055,1412,1154,13667,36364
KARNATAKA,TOTAL,2006,3179,800,1126,449,37118,6451,3520,19488,4094,534,56815,117710
KERALA,TOTAL,2006,827,1202,588,254,15798,6800,3683,19105,6498,49,56777,105255
MADHYA PRADESH,TOTAL,2006,4817,5800,1616,272,56196,3123,2079,34709,10758,4823,95959,194711
MAHARASHTRA,TOTAL,2006,4436,3000,2522,986,111397,8641,8277,29407,11589,10933,49834,191788
MANIPUR,TOTAL,2006,474,80,260,29,643,169,131,296,52,3,1207,2884
MEGHALAYA,TOTAL,2006,207,148,114,61,1145,35,106,138,76,68,438,1935
MIZORAM,TOTAL,2006,51,144,12,7,1948,25,118,72,52,26,454,2073
NAGALAND,TOTAL,2006,177,46,62,16,808,23,65,50,8,28,201,1103
ODISHA,TOTAL,2006,1947,1970,1408,315,17438,1906,1693,6226,3825,2945,21375,52792
PUNJAB,TOTAL,2006,1880,884,1182,125,10311,71,3740,5104,1307,2919,9524,32068
RAJASTHAN,TOTAL,2006,2982,2170,3940,134,41494,2318,10941,21296,10048,6234,61379,141992
SIKKIM,TOTAL,2006,39,40,16,0,319,13,48,96,20,39,214,703
TAMIL NADU,TOTAL,2006,2982,914,1812,99,31052,2298,2373,14067,3466,10792,94131,148972
TRIPURA,TOTAL,2006,207,378,210,19,1037,189,119,464,713,199,1091,3940
UTTAR PRADESH,TOTAL,2006,12020,2628,6636,304,47495,4073,7929,10412,11812,7235,41536,127001
UTTARAKHAND,TOTAL,2006,529,294,424,33,4019,528,623,854,704,524,1935,8412
WEST BENGAL,TOTAL,2006,2498,3462,2710,1440,26091,2496,2601,6299,9760,3039,23274,68052
A & N ISLANDS,TOTAL,2006,9,12,10,0,289,19,22,78,25,2,322,676
CHANDIGARH,TOTAL,2006,41,38,130,4,2691,49,294,55,145,14,983,3126
D & N HAVELI,TOTAL,2006,10,12,36,5,168,13,41,35,12,16,172,435
DAMAN & DIU,TOTAL,2006,9,6,6,8,187,29,16,18,4,26,48,288
DELHI UT,TOTAL,2006,1061,1246,2884,214,37487,120,2797,1818,2727,367,26805,57963
LAKSHADWEEP,TOTAL,2006,2,0,0,0,36,16,0,5,1,0,37,80
PUDUCHERRY,TOTAL,2006,57,18,36,2,1207,216,44,927,117,209,2441,4687
ANDHRA PRADESH,TOTAL,2007,4685,2140,4194,176,57073,3174,9196,46122,19670,12629,43586,175087
ARUNACHAL PRADESH,TOTAL,2007,99,96,136,16,1341,38,84,375,93,82,555,2286
ASSAM,TOTAL,2007,1934,2874,3942,311,18607,2981,1663,5175,3899,2875,12183,45282
BIHAR,TOTAL,2007,6404,3110,5060,764,28636,8827,3763,16288,3728,3789,44931,109420
CHHATTISGARH,TOTAL,2007,1870,1964,488,128,14821,1134,681,6801,2584,2476,19505,45845
GOA,TOTAL,2007,63,40,24,7,1302,94,101,150,43,247,934,2479
GUJARAT,TOTAL,2007,1681,632,2624,255,42293,1998,2541,10989,6811,4831,68332,123195
HARYANA,TOTAL,2007,1575,976,1602,405,26827,1315,1991,5031,3507,1545,19159,51597
HIMACHAL PRADESH,TOTAL,2007,193,318,342,5,3084,790,355,1318,705,597,7937,14222
JAMMU & KASHMIR,TOTAL,2007,1010,576,1516,18,5743,1395,641,374,1524,243,11535,21443
JHARKHAND,TOTAL,2007,2785,1710,1524,564,16448,2725,1281,3783,1461,1019,13897,38489
KARNATAKA,TOTAL,2007,2844,872,1360,420,35464,6045,4124,18963,4614,514,60853,120606
KERALA,TOTAL,2007,861,1024,510,278,16187,7756,4663,18975,6912,59,57681,108530
MADHYA PRADESH,TOTAL,2007,4822,6020,1844,252,57997,3557,2230,36643,11588,5754,98007,202386
MAHARASHTRA,TOTAL,2007,4421,2902,2624,1121,113739,9260,8220,29622,12137,11946,50159,195707
MANIPUR,TOTAL,2007,619,40,300,149,989,133,116,377,85,1,1074,3259
MEGHALAYA,TOTAL,2007,171,164,104,56,1259,69,193,124,67,68,438,2079
MIZORAM,TOTAL,2007,68,166,8,0,2078,39,102,85,68,34,330,2083
NAGALAND,TOTAL,2007,169,26,34,7,913,20,55,52,9,43,242,1180
ODISHA,TOTAL,2007,2337,1878,1602,289,18006,2394,1612,7478,4205,3771,19870,54872
PUNJAB,TOTAL,2007,1823,1038,1520,129,13100,97,3978,5663,1579,2801,10517,35793
RAJASTHAN,TOTAL,2007,3139,2476,4354,152,44632,2301,12800,19720,11114,7096,63846,148870
SIKKIM,TOTAL,2007,26,48,18,0,325,16,44,95,20,34,192,667
TAMIL NADU,TOTAL,2007,3739,1046,2540,121,30646,3028,2845,16967,4599,11485,110748,172754
TRIPURA,TOTAL,2007,198,314,226,16,1079,165,137,546,829,203,1241,4273
UTTAR PRADESH,TOTAL,2007,11040,3296,8956,519,52858,4763,12375,10694,15130,7655,51914,150258
UTTARAKHAND,TOTAL,2007,546,234,506,52,3907,496,899,886,742,608,2686,9599
WEST BENGAL,TOTAL,2007,2923,4212,3600,1296,28320,3848,3205,6909,12736,3803,27903,81102
A & N ISLANDS,TOTAL,2007,35,6,24,5,323,28,31,99,42,4,337,807
CHANDIGARH,TOTAL,2007,53,44,104,2,3708,88,210,78,156,15,999,3643
D & N HAVELI,TOTAL,2007,12,14,18,1,205,49,28,25,3,12,161,425
DAMAN & DIU,TOTAL,2007,19,2,2,4,134,34,17,20,4,32,37,260
DELHI UT,TOTAL,2007,1119,1196,3376,263,36686,118,2828,1736,2960,252,24854,56065
LAKSHADWEEP,TOTAL,2007,2,2,0,0,42,1,0,0,4,0,26,56
PUDUCHERRY,TOTAL,2007,78,18,40,3,1668,163,52,904,140,267,2537,5054
ANDHRA PRADESH,TOTAL,2008,4797,2514,3940,121,59679,2951,9762,48167,19143,12861,43929,179275
ARUNACHAL PRADESH,TOTAL,2008,111,84,158,14,1214,28,72,479,86,104,590,2374
ASSAM,TOTAL,2008,1914,2876,4478,386,19739,3043,1767,6107,4855,2259,17598,53333
BIHAR,TOTAL,2008,6479,2604,6094,746,31418,8871,4162,16644,4244,4592,54370,122669
CHHATTISGARH,TOTAL,2008,1923,1956,546,141,16770,1446,802,8565,2749,2800,21074,51442
GOA,TOTAL,2008,85,60,72,3,1527,129,174,185,58,230,886,2742
GUJARAT,TOTAL,2008,1628,748,2646,270,47805,2172,2524,10897,7071,4934,65525,123808
HARYANA,TOTAL,2008,1629,1262,1708,377,30222,1323,1953,4504,3777,1323,21460,55344
HIMACHAL PRADESH,TOTAL,2008,193,314,302,6,3209,754,396,1258,682,485,7837,13976
JAMMU & KASHMIR,TOTAL,2008,838,438,1408,3,5810,2012,502,273,1414,293,10734,20604
JHARKHAND,TOTAL,2008,2870,1582,1584,466,16674,2740,1193,2826,1450,1310,14843,38686
KARNATAKA,TOTAL,2008,3254,892,1516,518,43513,6278,4211,19159,4896,572,61755,127540
KERALA,TOTAL,2008,891,1136,506,358,16334,8446,4140,19178,7172,37,59061,110620
MADHYA PRADESH,TOTAL,2008,4808,5874,1858,284,62472,3666,1985,36344,11193,6008,100513,206556
MAHARASHTRA,TOTAL,2008,4743,3116,2758,1085,124755,10676,9581,29742,12929,12472,50183,206243
MANIPUR,TOTAL,2008,689,76,352,213,975,89,188,301,86,2,1038,3349
MEGHALAYA,TOTAL,2008,187,176,112,63,1571,36,146,204,92,64,480,2318
MIZORAM,TOTAL,2008,51,154,18,4,1838,19,106,118,83,53,378,1989
NAGALAND,TOTAL,2008,203,38,88,6,904,18,51,46,20,44,192,1202
ODISHA,TOTAL,2008,2749,2226,1816,372,19283,3590,1612,7013,5083,3535,18916,56755
PUNJAB,TOTAL,2008,1871,1034,1436,162,13914,76,3506,5597,1549,2845,10122,35314
RAJASTHAN,TOTAL,2008,3000,2710,4716,141,46387,2005,12885,21117,11091,7322,63924,151174
SIKKIM,TOTAL,2008,19,40,8,1,342,40,52,100,24,40,215,730
TAMIL NADU,TOTAL,2008,4114,1146,2750,166,34549,3421,3179,20529,4534,12328,107084,176833
TRIPURA,TOTAL,2008,210,408,292,16,1311,244,157,924,1101,195,1327,5336
UTTAR PRADESH,TOTAL,2008,10290,3742,10856,389,59407,4609,14043,11683,16878,10102,60242,168996
UTTARAKHAND,TOTAL,2008,480,174,494,18,3811,524,665,937,839,590,2280,8856
WEST BENGAL,TOTAL,2008,4031,4526,4664,1239,35743,5575,3962,9033,16609,3789,38177,105419
A & N ISLANDS,TOTAL,2008,21,24,34,0,348,31,32,107,55,4,383,882
CHANDIGARH,TOTAL,2008,51,40,100,5,4262,87,250,73,73,11,1040,3931
D & N HAVELI,TOTAL,2008,11,12,34,1,157,30,35,26,8,10,154,401
DAMAN & DIU,TOTAL,2008,4,0,8,2,147,38,7,12,8,39,36,248
DELHI UT,TOTAL,2008,1009,932,3134,158,40201,112,1889,1936,2257,726,17896,49350
LAKSHADWEEP,TOTAL,2008,1,4,2,0,19,14,0,12,1,0,53,95
PUDUCHERRY,TOTAL,2008,73,16,34,13,1476,174,68,873,100,207,2668,4989
ANDHRA PRADESH,TOTAL,2009,4442,2376,3916,129,57700,3300,9893,44488,20510,13438,48087,180441
ARUNACHAL PRADESH,TOTAL,2009,97,118,124,20,1018,80,75,526,77,110,619,2362
ASSAM,TOTAL,2009,1775,3262,5436,272,19117,2284,1984,6547,5921,2735,17973,55313
BIHAR,TOTAL,2009,6463,1858,6444,718,35627,9239,3931,14746,4596,4516,54165,122931
CHHATTISGARH,TOTAL,2009,1834,1952,572,150,16113,1292,916,9543,2771,2735,20546,51370
GOA,TOTAL,2009,88,94,66,4,2040,74,211,191,71,220,884,3005
GUJARAT,TOTAL,2009,1518,866,2696,257,45246,1779,2508,9456,6371,5178,60758,115183
HARYANA,TOTAL,2009,1716,1206,1832,450,30590,1319,2268,3977,3954,1549,21804,56229
HIMACHAL PRADESH,TOTAL,2009,211,366,300,4,2451,715,383,1230,640,616,7555,13315
JAMMU & KASHMIR,TOTAL,2009,807,474,1746,1,6897,1689,644,331,1551,517,11059,21975
JHARKHAND,TOTAL,2009,3014,1438,1654,465,17604,2515,1398,4132,1370,1678,11430,37436
KARNATAKA,TOTAL,2009,3388,1018,1784,619,49606,6562,5711,20105,5701,417,61108,134042
KERALA,TOTAL,2009,851,1136,512,378,15512,8589,3814,18274,6962,41,68688,118369
MADHYA PRADESH,TOTAL,2009,4715,5996,2072,273,59451,3150,2432,37132,11877,6591,101367,207762
MAHARASHTRA,TOTAL,2009,4631,2966,2572,1067,121015,9135,10349,28326,12317,12459,48460,199598
MANIPUR,TOTAL,2009,611,62,318,189,859,129,117,224,66,0,861,2852
MEGHALAYA,TOTAL,2009,179,224,112,65,1304,72,148,207,98,72,680,2448
MIZORAM,TOTAL,2009,53,166,18,2,1907,25,100,120,66,36,407,2047
NAGALAND,TOTAL,2009,88,44,104,8,868,8,42,38,11,34,235,1059
ODISHA,TOTAL,2009,2529,2046,1860,443,18697,2131,1429,6816,5339,2979,20560,55740
PUNJAB,TOTAL,2009,1996,1022,1384,134,13926,109,3395,5498,1539,3289,10080,35545
RAJASTHAN,TOTAL,2009,3148,3038,5740,110,50468,1701,15938,21652,13316,7898,70089,166565
SIKKIM,TOTAL,2009,29,36,12,0,221,48,18,91,16,59,225,669
TAMIL NADU,TOTAL,2009,4127,1192,2744,131,36789,2977,3124,18147,3397,13528,106215,174691
TRIPURA,TOTAL,2009,194,380,242,7,1138,240,182,1047,1233,225,1324,5486
UTTAR PRADESH,TOTAL,2009,10114,3518,12166,424,65997,4517,13101,10934,16104,12159,60918,172884
UTTARAKHAND,TOTAL,2009,431,222,550,42,3744,483,743,1198,823,685,1868,8802
WEST BENGAL,TOTAL,2009,5118,4672,5500,938,35346,7044,4369,11196,18673,3623,38776,113036
A & N ISLANDS,TOTAL,2009,23,36,32,0,365,23,29,89,59,2,451,941
CHANDIGARH,TOTAL,2009,48,58,80,7,3730,70,235,63,81,7,976,3555
D & N HAVELI,TOTAL,2009,16,8,24,9,171,58,38,23,6,17,151,442
DAMAN & DIU,TOTAL,2009,10,2,0,0,119,32,15,14,8,40,78,276
DELHI UT,TOTAL,2009,1005,938,5072,105,45710,91,2380,1938,2094,846,14808,50251
LAKSHADWEEP,TOTAL,2009,1,2,0,3,21,46,0,14,0,0,58,134
PUDUCHERRY,TOTAL,2009,67,2,36,12,1502,152,59,901,79,233,2278,4591
ANDHRA PRADESH,TOTAL,2010,4646,2724,4106,136,62262,3156,10480,46777,21864,14085,41373,181438
ARUNACHAL PRADESH,TOTAL,2010,112,94,134,15,1170,59,150,439,97,106,622,2439
ASSAM,TOTAL,2010,1700,3442,6500,260,19840,2620,2431,5744,7005,2847,22110,61668
BIHAR,TOTAL,2010,6621,1590,7348,690,36063,9469,4148,15328,4086,5615,56508,127453
CHHATTISGARH,TOTAL,2010,1851,2024,718,137,15873,1411,1068,10188,2866,2907,23091,54958
GOA,TOTAL,2010,65,72,50,2,2475,87,207,177,70,256,927,3293
GUJARAT,TOTAL,2010,1554,816,2894,204,39043,1883,2471,10131,6397,5907,63788,116439
HARYANA,TOTAL,2010,1904,1440,1926,395,37711,1635,2610,3733,4060,1595,20060,59120
HIMACHAL PRADESH,TOTAL,2010,218,320,388,2,2430,742,432,1374,705,610,7020,13049
JAMMU & KASHMIR,TOTAL,2010,954,490,1792,6,6487,2393,591,278,1520,494,11869,23223
JHARKHAND,TOTAL,2010,2799,1546,1956,354,16246,2632,1509,4271,1195,1745,13477,38889
KARNATAKA,TOTAL,2010,3749,1172,2748,572,48194,7996,6199,21835,6316,471,65123,142322
KERALA,TOTAL,2010,810,1268,522,295,12078,9098,3978,18532,8292,47,98668,148313
MADHYA PRADESH,TOTAL,2010,4823,6270,2374,220,54970,3354,2319,39193,12217,7038,107390,214269
MAHARASHTRA,TOTAL,2010,4822,3198,3016,1063,125468,9641,11021,29696,12668,13508,49739,208168
MANIPUR,TOTAL,2010,351,68,398,196,902,151,90,227,49,1,932,2715
MEGHALAYA,TOTAL,2010,202,298,142,43,1561,59,139,154,72,53,666,2505
MIZORAM,TOTAL,2010,82,184,18,3,2087,15,116,116,78,44,355,2174
NAGALAND,TOTAL,2010,93,32,100,3,919,3,55,36,17,22,242,1059
ODISHA,TOTAL,2010,2775,2050,2032,463,19490,2209,1459,7181,5597,3450,19366,56459
PUNJAB,TOTAL,2010,2021,1092,1578,208,13794,101,3845,4873,1671,3350,10896,36648
RAJASTHAN,TOTAL,2010,3082,3142,5970,121,50234,1464,17409,19247,13969,7978,67221,162957
SIKKIM,TOTAL,2010,25,36,12,1,185,11,24,73,15,47,200,552
TAMIL NADU,TOTAL,2010,4548,1372,3440,97,35698,3300,3748,21309,3778,14644,110733,185678
TRIPURA,TOTAL,2010,221,476,228,18,1200,214,181,1136,1347,237,1356,5805
UTTAR PRADESH,TOTAL,2010,9806,3126,12642,385,69798,4356,13796,10336,12999,14472,61500,174179
UTTARAKHAND,TOTAL,2010,455,242,572,14,4748,475,767,974,699,738,2101,9240
WEST BENGAL,TOTAL,2010,5139,4622,6690,975,39964,7140,4485,12764,20939,2847,49096,129616
A & N ISLANDS,TOTAL,2010,20,48,20,1,329,23,66,80,50,9,489,980
CHANDIGARH,TOTAL,2010,60,62,76,11,3265,74,189,65,79,6,1036,3373
D & N HAVELI,TOTAL,2010,7,6,36,2,154,46,31,11,16,20,133,378
DAMAN & DIU,TOTAL,2010,8,2,4,6,121,11,9,12,5,38,37,203
DELHI UT,TOTAL,2010,947,1014,6416,63,48277,105,2151,1925,2228,914,14055,51292
LAKSHADWEEP,TOTAL,2010,0,0,0,0,15,5,0,1,0,0,26,42
PUDUCHERRY,TOTAL,2010,68,6,34,12,1145,141,92,806,76,242,1867,3935
ANDHRA PRADESH,TOTAL,2011,5208,2884,4308,133,65434,3231,11146,54452,22482,13973,38392,189780
ARUNACHAL PRADESH,TOTAL,2011,96,84,186,13,1075,83,130,379,69,98,622,2286
ASSAM,TOTAL,2011,1855,3400,7528,309,20782,2834,2475,6306,6570,2915,25513,66714
BIHAR,TOTAL,2011,6873,1868,8536,661,37594,10473,5581,19391,4831,5877,55705,135896
CHHATTISGARH,TOTAL,2011,1885,2106,944,75,14648,1223,1225,11105,2768,2856,25223,57218
GOA,TOTAL,2011,76,58,56,2,2574,98,218,215,60,263,1001,3449
GUJARAT,TOTAL,2011,1647,878,3228,245,37963,1878,2994,10159,6860,5827,69788,123371
HARYANA,TOTAL,2011,1973,1466,1918,343,40499,1632,2591,3423,3959,1505,20549,60741
HIMACHAL PRADESH,TOTAL,2011,186,336,424,1,3089,640,506,1251,636,563,8102,14312
JAMMU & KASHMIR,TOTAL,2011,692,554,2154,14,6914,1610,846,246,1841,385,13257,24504
JHARKHAND,TOTAL,2011,2548,1568,1882,349,14605,2271,1376,4403,1271,1728,11940,35838
KARNATAKA,TOTAL,2011,3742,1272,2790,613,47927,7496,6395,21295,6680,750,60505,137600
KERALA,TOTAL,2011,991,2264,598,316,13150,11204,5551,21747,9721,65,112665,172137
MADHYA PRADESH,TOTAL,2011,4990,6812,2576,235,57010,2864,2429,35711,12015,7478,112082,217094
MAHARASHTRA,TOTAL,2011,5067,3402,3338,1064,127460,9811,11332,29769,12340,13024,45114,204902
MANIPUR,TOTAL,2011,327,106,338,155,1497,169,180,292,78,2,1015,3218
MEGHALAYA,TOTAL,2011,224,260,174,49,1600,42,231,197,100,90,701,2755
MIZORAM,TOTAL,2011,58,154,12,1,1810,19,89,97,82,37,279,1821
NAGALAND,TOTAL,2011,100,46,68,7,852,3,52,55,10,15,292,1083
ODISHA,TOTAL,2011,3149,2224,2278,501,22062,1979,1651,7894,6227,3778,20509,61277
PUNJAB,TOTAL,2011,1951,958,1362,171,12292,83,3910,4757,1592,3576,10175,34883
RAJASTHAN,TOTAL,2011,3127,3600,6408,100,47435,1224,18294,17977,15188,8122,70250,165622
SIKKIM,TOTAL,2011,29,32,20,0,209,29,38,75,28,57,177,596
TAMIL NADU,TOTAL,2011,4867,1354,3968,112,34762,3715,4385,21167,3895,16076,115163,192879
TRIPURA,TOTAL,2011,238,410,308,11,1265,233,162,1340,1035,14,1640,5803
UTTAR PRADESH,TOTAL,2011,11058,4084,17000,418,82279,5499,13932,12234,12901,14380,68575,195135
UTTARAKHAND,TOTAL,2011,421,258,628,14,4707,418,660,852,578,696,2078,8774
WEST BENGAL,TOTAL,2011,4837,4726,8570,1175,44107,6432,5642,13094,22845,3249,56614,143197
A & N ISLANDS,TOTAL,2011,22,26,30,1,276,17,35,81,23,6,392,793
CHANDIGARH,TOTAL,2011,70,54,116,8,3357,75,280,45,81,7,1036,3542
D & N HAVELI,TOTAL,2011,16,8,18,7,162,25,30,25,5,24,134,372
DAMAN & DIU,TOTAL,2011,7,2,6,4,131,19,15,11,2,43,35,224
DELHI UT,TOTAL,2011,1000,1144,7534,58,47779,92,2971,1946,2536,1168,14363,53353
LAKSHADWEEP,TOTAL,2011,1,0,0,0,8,8,1,3,0,0,27,44
PUDUCHERRY,TOTAL,2011,66,14,24,15,1490,135,67,853,62,243,2119,4362
ANDHRA PRADESH,TOTAL,2012,5058,2682,3740,132,64060,2858,12533,56768,22423,13929,39025,192522
ARUNACHAL PRADESH,TOTAL,2012,103,92,164,20,1084,61,141,438,96,94,657,2420
ASSAM,TOTAL,2012,2092,3432,7624,273,23520,7907,3044,6676,8394,2565,27077,77682
BIHAR,TOTAL,2012,9303,1854,9614,594,40358,11670,5623,45827,5120,4631,35421,146614
CHHATTISGARH,TOTAL,2012,1617,2068,900,68,14428,1240,1148,10855,2824,2888,23387,54598
GOA,TOTAL,2012,83,110,48,6,2211,156,285,266,89,233,1115,3608
GUJARAT,TOTAL,2012,1726,946,3440,306,37965,2040,2817,10234,7517,5573,75702,130121
HARYANA,TOTAL,2012,1969,1336,2698,380,41020,1615,2558,3277,4354,1484,21396,62480
HIMACHAL PRADESH,TOTAL,2012,175,366,344,1,2476,625,511,1173,571,562,6877,12557
JAMMU & KASHMIR,TOTAL,2012,651,606,2186,6,5520,1590,792,322,1978,371,14004,24608
JHARKHAND,TOTAL,2012,2628,1624,2112,317,15070,2467,2219,4785,1860,1594,14818,40946
KARNATAKA,TOTAL,2012,3854,1242,2902,747,44835,7918,6307,20350,7012,876,58468,134021
KERALA,TOTAL,2012,978,2038,562,361,11591,11506,5050,21170,9481,48,101582,158989
MADHYA PRADESH,TOTAL,2012,4819,6850,2604,234,58323,2765,2628,35549,12166,7721,114585,220335
MAHARASHTRA,TOTAL,2012,5051,3678,3166,1115,117549,10106,11589,28392,12973,13311,46668,202700
MANIPUR,TOTAL,2012,496,126,446,179,1862,146,205,285,93,2,1086,3737
MEGHALAYA,TOTAL,2012,208,328,184,53,1277,61,165,157,60,102,761,2557
MIZORAM,TOTAL,2012,58,206,16,2,1561,13,60,103,93,34,336,1766
NAGALAND,TOTAL,2012,123,42,54,1,881,10,65,30,16,31,266,1090
ODISHA,TOTAL,2012,3481,2916,3084,501,24303,2674,1943,8223,7654,3605,22203,67957
PUNJAB,TOTAL,2012,2004,1360,1838,232,13585,75,3789,4186,1782,3405,10405,35790
RAJASTHAN,TOTAL,2012,3097,4098,6486,105,52045,1048,20377,17614,16160,8284,70240,170948
SIKKIM,TOTAL,2012,14,68,20,0,305,42,35,91,24,32,58,528
TAMIL NADU,TOTAL,2012,4947,1474,3890,116,30347,3862,4790,22100,3951,15499,124176,200474
TRIPURA,TOTAL,2012,205,458,278,7,1429,187,161,1504,1216,10,1742,6264
UTTAR PRADESH,TOTAL,2012,11187,3926,17756,390,84098,6003,14556,12290,13160,14406,68538,198093
UTTARAKHAND,TOTAL,2012,422,296,594,32,4361,386,688,1022,651,670,2118,8882
WEST BENGAL,TOTAL,2012,5628,4092,10234,1154,47262,7007,7043,15923,24371,4385,64482,161427
A & N ISLANDS,TOTAL,2012,18,24,16,5,215,12,37,62,28,6,351,683
CHANDIGARH,TOTAL,2012,70,54,174,12,3396,58,270,42,148,3,1042,3606
D & N HAVELI,TOTAL,2012,9,6,26,2,160,23,14,25,2,23,112,318
DAMAN & DIU,TOTAL,2012,8,10,6,1,139,20,14,17,3,38,46,239
DELHI UT,TOTAL,2012,1042,1412,7940,41,46387,158,2893,1747,3054,913,15408,54287
LAKSHADWEEP,TOTAL,2012,0,0,0,0,17,13,0,3,2,0,32,60
PUDUCHERRY,TOTAL,2012,68,26,38,20,1409,147,105,818,17,263,2060,4281
ANDHRA PRADESH,TOTAL,2013,4903,3270,4238,130,72593,2876,14810,60488,27208,13641,48644,218015
ARUNACHAL PRADESH,TOTAL,2013,108,150,284,24,1299,59,97,498,125,129,734,2776
ASSAM,TOTAL,2013,1987,3874,9602,255,26244,3222,4114,8171,11231,3064,32675,87186
BIHAR,TOTAL,2013,7589,2256,11140,632,48552,12591,6448,35675,6105,4232,60356,167455
CHHATTISGARH,TOTAL,2013,1616,2760,4470,52,14256,1114,1152,10546,3732,3204,22772,56870
GOA,TOTAL,2013,86,172,216,11,2698,166,310,349,256,205,1175,4312
GUJARAT,TOTAL,2013,1770,1464,5332,306,37035,2019,2640,9917,9161,5864,100638,157435
HARYANA,TOTAL,2013,1818,1942,5544,259,44124,1749,2760,3171,6085,4242,22767,72098
HIMACHAL PRADESH,TOTAL,2013,180,500,704,14,2582,625,619,1157,932,599,7258,13750
JAMMU & KASHMIR,TOTAL,2013,688,756,1966,6,5198,1935,771,324,2178,370,14421,25390
JHARKHAND,TOTAL,2013,2511,2408,2542,255,15585,2650,3468,5972,2935,1788,17408,48208
KARNATAKA,TOTAL,2013,3677,2060,3672,792,47665,7569,7141,21118,7603,897,57117,136689
KERALA,TOTAL,2013,1079,2442,504,327,11871,10521,5259,20399,9607,249,119628,176334
MADHYA PRADESH,TOTAL,2013,4589,8670,6708,296,62929,2450,2159,35256,14759,8203,114168,227453
MAHARASHTRA,TOTAL,2013,5143,6126,5280,1096,133414,10807,12663,30796,19626,12575,55232,234385
MANIPUR,TOTAL,2013,308,144,362,136,1796,105,198,223,88,2,923,3178
MEGHALAYA,TOTAL,2013,296,366,278,52,1489,140,238,276,123,129,811,3259
MIZORAM,TOTAL,2013,48,178,14,4,1663,28,78,70,86,49,230,1709
NAGALAND,TOTAL,2013,159,62,80,3,897,20,77,59,24,26,286,1216
ODISHA,TOTAL,2013,3666,3664,4740,562,25513,2353,2610,10743,8231,4039,19843,71718
PUNJAB,TOTAL,2013,1738,1776,2548,157,12618,65,4134,3916,2979,3383,10400,36667
RAJASTHAN,TOTAL,2013,3321,6570,9972,120,64704,1026,23468,18755,20402,8572,76513,196224
SIKKIM,TOTAL,2013,27,86,32,0,335,51,32,122,34,56,257,851
TAMIL NADU,TOTAL,2013,4976,1846,3558,138,31211,3346,5205,20984,4173,14944,127850,203579
TRIPURA,TOTAL,2013,202,466,288,10,1333,206,272,1485,1270,10,1578,6210
UTTAR PRADESH,TOTAL,2013,11574,6100,22366,666,94172,6380,15937,12398,18444,14345,80245,226445
UTTARAKHAND,TOTAL,2013,420,456,2064,24,3578,351,727,1011,845,569,2357,9546
WEST BENGAL,TOTAL,2013,6202,3370,9146,1305,46895,6637,8097,18159,24096,4052,70738,169535
A & N ISLANDS,TOTAL,2013,11,54,28,1,117,2,30,55,63,6,323,612
CHANDIGARH,TOTAL,2013,75,90,522,12,3358,62,310,59,262,6,1146,4077
D & N HAVELI,TOTAL,2013,6,10,26,1,137,25,12,15,3,16,139,314
DAMAN & DIU,TOTAL,2013,14,16,26,6,96,19,23,14,4,35,52,246
DELHI UT,TOTAL,2013,1167,3272,12588,37,64328,210,3352,1768,7608,1778,22130,80184
LAKSHADWEEP,TOTAL,2013,0,4,0,0,18,3,1,5,1,0,18,40
PUDUCHERRY,TOTAL,2013,44,34,82,9,1269,101,94,715,29,238,1793,3756
